HLA-A,HLA-C,HLA-B,HLA-DRB345,HLA-DRB1,HLA-DQA1,HLA-DQB1,HLA-DPA1,HLA-DPB1,Global_Fq,Global_n,Global_rank,EuAm_Fq,EuAm_n,EuAm_rank,AfAm_Fq,AfAm_n,AfAm_rank,USA_Hispanic_Fq,USA_Hispanic_n,USA_Hispanic_rank,European_Fq,European_n,European_rank,Spanish_Fq,Spanish_n,Spanish_rank,Mexican_Fq,Mexican_n,Mexican_rank,API_Fq,API_n,API_rank,Arab_Fq,Arab_n,Arab_rank
A*24:02:01:01,C*03:04:01:01,B*40:01:02,Abs,DRB1*08:01:01,DQA1*04:01:01,DQB1*04:02:01,DPA1*01:03:01:04,DPB1*04:01:01:01/DPB1*04:01:01:02,8.100445524503848e-4,2,28,9.68992248062015e-4,2,26,0,0,NA,0,0,NA,0,0,NA,0,0,NA,0,0,NA,0,0,NA,0,0,NA
A*03:01:01:05,C*06:02:01:01,B*47:01:01:03,DRB4*01:01:01:01,DRB1*07:01:01:01SG,DQA1*02:01:01:01SG,DQB1*02:02:01:01,DPA1*01:03:01:03,DPB1*06:01:01,0.001215066828675577,3,27,0.00145348837209302,3,25,0,0,NA,0,0,NA,0,0,NA,0,0,NA,0,0,NA,0,0,NA,0,0,NA
A*02:01:01:01,C*05:01:01:02,B*44:02:01:01,DRB3*01:01:02:01,DRB1*03:01:01:01SG,DQA1*05:01:01:02,DQB1*02:01:01,DPA1*01:03:01:01,DPB1*02:01:02/DPB1*02:01:19,8.100445524503848e-4,2,28,9.68992248062015e-4,2,26,0,0,NA,0,0,NA,0,0,NA,0,0,NA,0,0,NA,0,0,NA,0,0,NA
A*32:01:01,C*02:02:02:01,B*40:02:01,DRB3*02:02:01:02,DRB1*11:01:01:01,DQA1*05:05:01:01SG,DQB1*03:01:01:03,DPA1*01:03:01:01,DPB1*02:01:02/DPB1*02:01:19,8.100445524503848e-4,2,28,9.68992248062015e-4,2,26,0,0,NA,0,0,NA,0,0,NA,0,0,NA,0,0,NA,0,0,NA,0,0,NA
A*02:01:01:01,C*05:01:01:02,B*44:02:01:01,DRB5*01:01:01,DRB1*15:01:01:01SG,DQA1*01:02:01:01SG,DQB1*06:02:01,DPA1*01:03:01:02,DPB1*04:01:01:01/DPB1*04:01:01:02,0.002025111381125962,5,25,0.00242248062015504,5,23,0,0,NA,0,0,NA,0,0,NA,0,0,NA,0,0,NA,0,0,NA,0,0,NA
A*02:01:01:01,C*05:01:01:02,B*44:02:01:01,DRB4*01:03:01:01/DRB4*01:03:01:03,DRB1*04:01:01:01SG,DQA1*03:03:01:01,DQB1*03:01:01:01,DPA1*01:03:01:05,DPB1*04:02:01:02,8.100445524503848e-4,2,28,9.68992248062015e-4,2,26,0,0,NA,0,0,NA,0,0,NA,0,0,NA,0,0,NA,0,0,NA,0,0,NA
A*02:06:01:01,C*08:01:01,B*40:06:01:01,DRB4*01:03:02,DRB1*09:01:02,DQA1*03:02,DQB1*03:03:02:02/DQB1*03:03:02:03,DPA1*02:01:01:02,DPB1*09:01:01,0.001215066828675577,3,27,0,0,NA,0,0,NA,0,0,NA,0,0,NA,0,0,NA,0,0,NA,0.15,3,2,0,0,NA
A*24:02:01:01,C*07:02:01:01,B*39:05:01,DRB5*02:02,DRB1*16:02:01:02,DQA1*05:05:01:05SG,DQB1*03:01:01:01,DPA1*01:03:01:05,DPB1*04:02:01:02,8.100445524503848e-4,2,28,0,0,NA,0,0,NA,0,0,NA,0,0,NA,0,0,NA,0.0350877192982456,2,5,0,0,NA,0,0,NA
A*02:01:01:01,C*02:02:02:01,B*40:02:01,DRB3*02:02:01:02,DRB1*13:01:01:01SG,DQA1*01:03:01:02SG,DQB1*06:03:01,DPA1*01:03:01:01,DPB1*02:01:02/DPB1*02:01:19,8.100445524503848e-4,2,28,9.68992248062015e-4,2,26,0,0,NA,0,0,NA,0,0,NA,0,0,NA,0,0,NA,0,0,NA,0,0,NA
A*24:02:01:01,C*07:04:01:01,B*44:02:01:03,DRB3*02:02:01:02,DRB1*11:01:01:01,DQA1*05:05:01:01SG,DQB1*03:01:01:03,DPA1*01:03:01:01,DPB1*02:01:02/DPB1*02:01:19,8.100445524503848e-4,2,28,9.68992248062015e-4,2,26,0,0,NA,0,0,NA,0,0,NA,0,0,NA,0,0,NA,0,0,NA,0,0,NA
